symbol	chrom	start	end	reference	strand	mutation	cloneID	mappedPrimer	AA_Change	Entrez_Gene_ID	Variant_Type	Variant_Classification
ERBB2	17	37868208	37868208	C	+	T	IOH82145	cctacaactacctttctacggacgtgggatTctgcaccctcgtctgccccctgcacaacca	p.S310F	2064	SNV	Missense_Mutation
ERBB2	17	37868208	37868208	C	+	T	100062227	cctacaactacctttctacggacgtgggatTctgcaccctcgtctgccccctgcacaacca	p.S310F	2064	SNV	Missense_Mutation
ERBB2	17	37884131	37884131	G	+	T	IOH82145	tggagaaccccgagtacttgacaccccaggTaggagctgcccctcagccccaccctcctcc	p.G1201V	2064	SNV	Missense_Mutation
ERBB2	17	37884131	37884131	G	+	T	100062227	tggagaaccccgagtacttgacaccccaggTaggagctgcccctcagccccaccctcctcc	p.G1201V	2064	SNV	Missense_Mutation
ERBB2	17	37881000	37881000	G	+	T	IOH82145	atcttagacgaagcatacgtgatggctggtTtgggctccccatatgtctcccgccttctgg	p.V777L	2064	SNV	Missense_Mutation
ERBB2	17	37881000	37881000	G	+	T	100062227	atcttagacgaagcatacgtgatggctggtTtgggctccccatatgtctcccgccttctgg	p.V777L	2064	SNV	Missense_Mutation
ERBB2	17	37879885	37879885	G	+	C	IOH82145	agacggagctgaggaaggtgaaggtgcttgCatctggcgcttttggcacagtctacaaggg	p.G727A	2064	SNV	Missense_Mutation
ERBB2	17	37879885	37879885	G	+	C	100062227	agacggagctgaggaaggtgaaggtgcttgCatctggcgcttttggcacagtctacaaggg	p.G727A	2064	SNV	Missense_Mutation
ERBB2	17	37882031	37882031	G	+	T	IOH82145	tacgatgggatcccagcccgggagatccctTacctgctggaaaagggggagcggctgcccc	p.D933Y	2064	SNV	Missense_Mutation
ERBB2	17	37882031	37882031	G	+	T	100062227	tacgatgggatcccagcccgggagatccctTacctgctggaaaagggggagcggctgcccc	p.D933Y	2064	SNV	Missense_Mutation
ERBB2	17	37881332	37881332	G	+	A	IOH82145	gggatgagctacctggaggatgtgcggctcAtacacagggacttggccgctcggaacgtgc	p.V842I	2064	SNV	Missense_Mutation
ERBB2	17	37881332	37881332	G	+	A	100062227	gggatgagctacctggaggatgtgcggctcAtacacagggacttggccgctcggaacgtgc	p.V842I	2064	SNV	Missense_Mutation
ERBB2	17	37872115	37872115	C	+	T	IOH82145	accataacacccacctctgcttcgtgcacaTggtgccctgggaccagctctttcggaaccc	p.T479M	2064	SNV	Missense_Mutation
ERBB2	17	37872115	37872115	C	+	T	100062227	accataacacccacctctgcttcgtgcacaTggtgccctgggaccagctctttcggaaccc	p.T479M	2064	SNV	Missense_Mutation
ERBB2	17	37880982	37880983	-	+	GCATACGTGATG	IOH82145	ccaaagccaacaaagaaatcttagacgaagGCATACGTGATGcatacgtgatggctggtgtgggctccccat	p.E770_A771insGIRD	2064	INS	In_Frame_Ins
ERBB2	17	37880982	37880983	-	+	GCATACGTGATG	100062227	ccaaagccaacaaagaaatcttagacgaagGCATACGTGATGcatacgtgatggctggtgtgggctccccat	p.E770_A771insGIRD	2064	INS	In_Frame_Ins
ERBB2	17	37882019	37882019	C	+	T	IOH82145	ggggccaaaccttacgatgggatcccagccTgggagatccctgacctgctggaaaaggggg	p.R929W	2064	SNV	Missense_Mutation
ERBB2	17	37882019	37882019	C	+	T	100062227	ggggccaaaccttacgatgggatcccagccTgggagatccctgacctgctggaaaaggggg	p.R929W	2064	SNV	Missense_Mutation
ERBB2	17	37880261	37880261	G	+	T	IOH82145	acatcccccaaagccaacaaagaaatcttaTacgaagcatacgtgatggctggtgtgggct	p.D769Y	2064	SNV	Missense_Mutation
ERBB2	17	37880261	37880261	G	+	T	100062227	acatcccccaaagccaacaaagaaatcttaTacgaagcatacgtgatggctggtgtgggct	p.D769Y	2064	SNV	Missense_Mutation
ERBB2	17	37880220	37880220	T	+	C	IOH82145	atgtgaaaattccagtggccatcaaagtgtCgagggaaaacacatcccccaaagccaacaa	p.L755S	2064	SNV	Missense_Mutation
ERBB2	17	37880220	37880220	T	+	C	100062227	atgtgaaaattccagtggccatcaaagtgtCgagggaaaacacatcccccaaagccaacaa	p.L755S	2064	SNV	Missense_Mutation
ERBB2	17	37864761	37864761	G	+	-	IOH82145	ctgtcacaggggcctccccaggaggcctgc-ggagctgcagcttcgaagcctcacagagat	p.E139Sfs*11	2064	DEL	Frame_Shift_Del
ERBB2	17	37864761	37864761	G	+	-	100062227	ctgtcacaggggcctccccaggaggcctgc-ggagctgcagcttcgaagcctcacagagat	p.E139Sfs*11	2064	DEL	Frame_Shift_Del
ERBB2	17	37873661	37873661	C	+	G	IOH82145	gctgccccagcggtgtgaaacctgacctctGctacatgcccatctggaagtttccagatga	p.S609C	2064	SNV	Missense_Mutation
ERBB2	17	37873661	37873661	C	+	G	100062227	gctgccccagcggtgtgaaacctgacctctGctacatgcccatctggaagtttccagatga	p.S609C	2064	SNV	Missense_Mutation
ERBB2	17	37880218	37880232	GTTGAGGGAAAACAC	+	-	IOH82145	gaatgtgaaaattccagtggccatcaaagt-atcccccaaagccaacaaagaaatcttaga	p.L755_T759del	2064	DEL	In_Frame_Del
ERBB2	17	37880218	37880232	GTTGAGGGAAAACAC	+	-	100062227	gaatgtgaaaattccagtggccatcaaagt-atcccccaaagccaacaaagaaatcttaga	p.L755_T759del	2064	DEL	In_Frame_Del
ERBB2	17	37864713	37864713	C	+	T	IOH82145	atgccctggccgtgctagacaatggagaccTgctgaacaataccacccctgtcacaggggc	p.P122L	2064	SNV	Missense_Mutation
ERBB2	17	37864713	37864713	C	+	T	100062227	atgccctggccgtgctagacaatggagaccTgctgaacaataccacccctgtcacaggggc	p.P122L	2064	SNV	Missense_Mutation
ERBB2	17	37883212	37883212	G	+	A	IOH82145	ggcttcttctgtccagaccctgccccgggcActgggggcatggtccaccacaggcaccgca	p.A1039T	2064	SNV	Missense_Mutation
ERBB2	17	37883212	37883212	G	+	A	100062227	ggcttcttctgtccagaccctgccccgggcActgggggcatggtccaccacaggcaccgca	p.A1039T	2064	SNV	Missense_Mutation
ERBB2	17	37863360	37863360	A	+	T	IOH82145	aggtggtgcagggaaacctggaactcacctTcctgcccaccaatgccagcctgtccttcct	p.Y64F	2064	SNV	Missense_Mutation
ERBB2	17	37863360	37863360	A	+	T	100062227	aggtggtgcagggaaacctggaactcacctTcctgcccaccaatgccagcctgtccttcct	p.Y64F	2064	SNV	Missense_Mutation
ERBB2	17	37872607	37872607	C	+	T	IOH82145	cagctgtgcgcccgagggcactgctggggtTcagggcccacccagtgtgtcaactgcagcc	p.P523S	2064	SNV	Missense_Mutation
ERBB2	17	37872607	37872607	C	+	T	100062227	cagctgtgcgcccgagggcactgctggggtTcagggcccacccagtgtgtcaactgcagcc	p.P523S	2064	SNV	Missense_Mutation
ERBB2	17	37866696	37866696	G	+	A	IOH82145	cgtttgagtccatgcccaatcccgagggccAgtatacattcggcgccagctgtgtgactgc	p.R288Q	2064	SNV	Missense_Mutation
ERBB2	17	37866696	37866696	G	+	A	100062227	cgtttgagtccatgcccaatcccgagggccAgtatacattcggcgccagctgtgtgactgc	p.R288Q	2064	SNV	Missense_Mutation
ERBB2	17	37866099	37866099	G	+	C	IOH82145	acccctgttctccgatgtgtaagggctcccCctgctggggagagagttctgaggattgtca	p.R203P	2064	SNV	Missense_Mutation
ERBB2	17	37866099	37866099	G	+	C	100062227	acccctgttctccgatgtgtaagggctcccCctgctggggagagagttctgaggattgtca	p.R203P	2064	SNV	Missense_Mutation
ERBB2	17	37881426	37881426	A	+	G	IOH82145	acttcgggctggctcggctgctggacattgGcgagacagagtaccatgcagatgggggcaa	p.D873G	2064	SNV	Missense_Mutation
ERBB2	17	37881426	37881426	A	+	G	100062227	acttcgggctggctcggctgctggacattgGcgagacagagtaccatgcagatgggggcaa	p.D873G	2064	SNV	Missense_Mutation
ERBB2	17	37863308	37863308	C	+	T	IOH82145	gccagtcccgagacccacctggacatgctcTgccacctctaccagggctgccaggtggtgc	p.R47C	2064	SNV	Missense_Mutation
ERBB2	17	37863308	37863308	C	+	T	100062227	gccagtcccgagacccacctggacatgctcTgccacctctaccagggctgccaggtggtgc	p.R47C	2064	SNV	Missense_Mutation
ERBB2	17	37881095	37881095	C	+	A	IOH82145	acagcttatgccctatggctgcctcttagaAcatgtccgggaaaaccgcggacgcctgggc	p.D808E	2064	SNV	Missense_Mutation
ERBB2	17	37881095	37881095	C	+	A	100062227	acagcttatgccctatggctgcctcttagaAcatgtccgggaaaaccgcggacgcctgggc	p.D808E	2064	SNV	Missense_Mutation
ERBB2	17	37871614	37871614	T	+	C	IOH82145	agtgtttgagactctggaagagatcacaggCtacctatacatctcagcatggccggacagc	p.X408_splice	2064	SNV	Splice_Site
ERBB2	17	37871614	37871614	T	+	C	100062227	agtgtttgagactctggaagagatcacaggCtacctatacatctcagcatggccggacagc	p.X408_splice	2064	SNV	Splice_Site
ERBB2	17	37866389	37866389	C	+	T	IOH82145	ggtggctgtgcccgctgcaaggggccactgTccactgactgctgccatgagcagtgtgctg	p.P232S	2064	SNV	Missense_Mutation
ERBB2	17	37866389	37866389	C	+	T	100062227	ggtggctgtgcccgctgcaaggggccactgTccactgactgctgccatgagcagtgtgctg	p.P232S	2064	SNV	Missense_Mutation
ERBB2	17	37881392	37881392	A	+	G	IOH82145	ctggtcaagagtcccaaccatgtcaaaattGcagacttcgggctggctcggctgctggaca	p.T862A	2064	SNV	Missense_Mutation
ERBB2	17	37881392	37881392	A	+	G	100062227	ctggtcaagagtcccaaccatgtcaaaattGcagacttcgggctggctcggctgctggaca	p.T862A	2064	SNV	Missense_Mutation
ERBB2	17	37872857	37872857	C	+	T	IOH82145	cccagaatggctcagtgacctgttttggacTggaggctgaccagtgtgtggcctgtgccca	p.P579L	2064	SNV	Missense_Mutation
ERBB2	17	37872857	37872857	C	+	T	100062227	cccagaatggctcagtgacctgttttggacTggaggctgaccagtgtgtggcctgtgccca	p.P579L	2064	SNV	Missense_Mutation
ERBB2	17	37881000	37881000	G	+	C	IOH82145	atcttagacgaagcatacgtgatggctggtCtgggctccccatatgtctcccgccttctgg	p.V777L	2064	SNV	Missense_Mutation
ERBB2	17	37881000	37881000	G	+	C	100062227	atcttagacgaagcatacgtgatggctggtCtgggctccccatatgtctcccgccttctgg	p.V777L	2064	SNV	Missense_Mutation
ERBB2	17	37871722	37871722	C	+	A	IOH82145	atcacaggttacctatacatctcagcatggAcggacagcctgcctgacctcagcgtcttcc	p.P416T	2064	SNV	Missense_Mutation
ERBB2	17	37871722	37871722	C	+	A	100062227	atcacaggttacctatacatctcagcatggAcggacagcctgcctgacctcagcgtcttcc	p.P416T	2064	SNV	Missense_Mutation
ERBB2	17	37866662	37866662	G	+	C	IOH82145	cactgcccagccctggtcacctacaacacaCacacgtttgagtccatgcccaatcccgagg	p.D277H	2064	SNV	Missense_Mutation
ERBB2	17	37866662	37866662	G	+	C	100062227	cactgcccagccctggtcacctacaacacaCacacgtttgagtccatgcccaatcccgagg	p.D277H	2064	SNV	Missense_Mutation
ERBB2	17	37876058	37876058	C	+	G	IOH82145	ctgcacccactcctgtgtggacctggatgaGaagggctgccccgccgagcagagagccagc	p.D639E	2064	SNV	Missense_Mutation
ERBB2	17	37876058	37876058	C	+	G	100062227	ctgcacccactcctgtgtggacctggatgaGaagggctgccccgccgagcagagagccagc	p.D639E	2064	SNV	Missense_Mutation
ERBB2	17	37883770	37883770	G	+	A	IOH82145	gtacccctgccctctgagactgatggctacAttgcccccctgacctgcagcccccagcctg	p.V1128I	2064	SNV	Missense_Mutation
ERBB2	17	37883770	37883770	G	+	A	100062227	gtacccctgccctctgagactgatggctacAttgcccccctgacctgcagcccccagcctg	p.V1128I	2064	SNV	Missense_Mutation
ERBB2	17	37863269	37863269	C	+	T	IOH82145	caagtgtgcaccggcacagacatgaagctgTggctccctgccagtcccgagacccacctgg	p.R34W	2064	SNV	Missense_Mutation
ERBB2	17	37863269	37863269	C	+	T	100062227	caagtgtgcaccggcacagacatgaagctgTggctccctgccagtcccgagacccacctgg	p.R34W	2064	SNV	Missense_Mutation
ERBB2	17	37873661	37873661	C	+	T	IOH82145	gctgccccagcggtgtgaaacctgacctctTctacatgcccatctggaagtttccagatga	p.S609F	2064	SNV	Missense_Mutation
ERBB2	17	37873661	37873661	C	+	T	100062227	gctgccccagcggtgtgaaacctgacctctTctacatgcccatctggaagtttccagatga	p.S609F	2064	SNV	Missense_Mutation
ERBB2	17	37881414	37881414	T	+	G	IOH82145	tcaaaattacagacttcgggctggctcggcGgctggacattgacgagacagagtaccatgc	p.L869R	2064	SNV	Missense_Mutation
ERBB2	17	37881414	37881414	T	+	G	100062227	tcaaaattacagacttcgggctggctcggcGgctggacattgacgagacagagtaccatgc	p.L869R	2064	SNV	Missense_Mutation
ERBB2	17	37880257	37880257	C	+	G	IOH82145	aaacacatcccccaaagccaacaaagaaatGttagacgaagcatacgtgatggctggtgtg	p.I767M	2064	SNV	Missense_Mutation
ERBB2	17	37880257	37880257	C	+	G	100062227	aaacacatcccccaaagccaacaaagaaatGttagacgaagcatacgtgatggctggtgtg	p.I767M	2064	SNV	Missense_Mutation
ERBB2	17	37880219	37880233	TTGAGGGAAAACACA	+	-	IOH82145	aatgtgaaaattccagtggccatcaaagtg-tcccccaaagccaacaaagaaatcttagac	p.L755_T759del	2064	DEL	In_Frame_Del
ERBB2	17	37880219	37880233	TTGAGGGAAAACACA	+	-	100062227	aatgtgaaaattccagtggccatcaaagtg-tcccccaaagccaacaaagaaatcttagac	p.L755_T759del	2064	DEL	In_Frame_Del
ERBB2	17	37871779	37871779	A	+	C	IOH82145	ttccagaacctgcaagtaatccggggacgaCttctgcacaatggcgcctactcgctgaccc	p.I435L	2064	SNV	Missense_Mutation
ERBB2	17	37871779	37871779	A	+	C	100062227	ttccagaacctgcaagtaatccggggacgaCttctgcacaatggcgcctactcgctgaccc	p.I435L	2064	SNV	Missense_Mutation
ERBB2	17	37881003	37881004	-	+	GGCTCCCCA	IOH82145	tagacgaagcatacgtgatggctggtgtggGGCTCCCCAgctccccatatgtctcccgccttctgggca	p.G778_S779insLPS	2064	INS	In_Frame_Ins
ERBB2	17	37881003	37881004	-	+	GGCTCCCCA	100062227	tagacgaagcatacgtgatggctggtgtggGGCTCCCCAgctccccatatgtctcccgccttctgggca	p.G778_S779insLPS	2064	INS	In_Frame_Ins
ERBB2	17	37881619	37881619	C	+	G	IOH82145	aagtggatggcgctggagtccattctccgcGggcggttcacccaccagagtgatgtgtgga	p.R897G	2064	SNV	Missense_Mutation
ERBB2	17	37881619	37881619	C	+	G	100062227	aagtggatggcgctggagtccattctccgcGggcggttcacccaccagagtgatgtgtgga	p.R897G	2064	SNV	Missense_Mutation
ERBB2	17	37881002	37881003	-	+	GGCTCCCCA	IOH82145	ttagacgaagcatacgtgatggctggtgtgGGCTCCCCAggctccccatatgtctcccgccttctgggc	p.G778_P780dup	2064	INS	In_Frame_Ins
ERBB2	17	37881002	37881003	-	+	GGCTCCCCA	100062227	ttagacgaagcatacgtgatggctggtgtgGGCTCCCCAggctccccatatgtctcccgccttctgggc	p.G778_P780dup	2064	INS	In_Frame_Ins
ERBB2	17	37879854	37879854	G	+	A	IOH82145	cccaaccaggcgcagatgcggatcctgaaaAagacggagctgaggaaggtgaaggtgcttg	p.E717K	2064	SNV	Missense_Mutation
ERBB2	17	37879854	37879854	G	+	A	100062227	cccaaccaggcgcagatgcggatcctgaaaAagacggagctgaggaaggtgaaggtgcttg	p.E717K	2064	SNV	Missense_Mutation
ERBB2	17	37880981	37880982	-	+	GCATACGTGATG	IOH82145	cccaaagccaacaaagaaatcttagacgaaGCATACGTGATGgcatacgtgatggctggtgtgggctcccca	p.Y772_A775dup	2064	INS	In_Frame_Ins
ERBB2	17	37880981	37880982	-	+	GCATACGTGATG	100062227	cccaaagccaacaaagaaatcttagacgaaGCATACGTGATGgcatacgtgatggctggtgtgggctcccca	p.Y772_A775dup	2064	INS	In_Frame_Ins
ERBB2	17	37865700	37865700	G	+	A	IOH82145	ctctcacactgatagacaccaaccgctctcAggcctgccacccctgttctccgatgtgtaa	p.R190Q	2064	SNV	Missense_Mutation
ERBB2	17	37865700	37865700	G	+	A	100062227	ctctcacactgatagacaccaaccgctctcAggcctgccacccctgttctccgatgtgtaa	p.R190Q	2064	SNV	Missense_Mutation
ERBB2	17	37868216	37868216	C	+	G	IOH82145	tacctttctacggacgtgggatcctgcaccGtcgtctgccccctgcacaaccaagaggtga	p.L313V	2064	SNV	Missense_Mutation
ERBB2	17	37868216	37868216	C	+	G	100062227	tacctttctacggacgtgggatcctgcaccGtcgtctgccccctgcacaaccaagaggtga	p.L313V	2064	SNV	Missense_Mutation
ERBB2	17	37881597	37881597	G	+	A	IOH82145	agatgggggcaaggtgcccatcaagtggatAgcgctggagtccattctccgccggcggttc	p.M889I	2064	SNV	Missense_Mutation
ERBB2	17	37881597	37881597	G	+	A	100062227	agatgggggcaaggtgcccatcaagtggatAgcgctggagtccattctccgccggcggttc	p.M889I	2064	SNV	Missense_Mutation
ERBB2	17	37868208	37868208	C	+	A	IOH82145	cctacaactacctttctacggacgtgggatActgcaccctcgtctgccccctgcacaacca	p.S310Y	2064	SNV	Missense_Mutation
ERBB2	17	37868208	37868208	C	+	A	100062227	cctacaactacctttctacggacgtgggatActgcaccctcgtctgccccctgcacaacca	p.S310Y	2064	SNV	Missense_Mutation
ERBB2	17	37881392	37881392	A	+	T	IOH82145	ctggtcaagagtcccaaccatgtcaaaattTcagacttcgggctggctcggctgctggaca	p.T862S	2064	SNV	Missense_Mutation
ERBB2	17	37881392	37881392	A	+	T	100062227	ctggtcaagagtcccaaccatgtcaaaattTcagacttcgggctggctcggctgctggaca	p.T862S	2064	SNV	Missense_Mutation
ERBB2	17	37880987	37880988	-	+	CGTGATGGCGAG	IOH82145	gccaacaaagaaatcttagacgaagcatacCGTGATGGCGAGgtgatggctggtgtgggctccccatatgtc	p.Y772_V773insRDGE	2064	INS	In_Frame_Ins
ERBB2	17	37880987	37880988	-	+	CGTGATGGCGAG	100062227	gccaacaaagaaatcttagacgaagcatacCGTGATGGCGAGgtgatggctggtgtgggctccccatatgtc	p.Y772_V773insRDGE	2064	INS	In_Frame_Ins
ERBB2	17	37882828	37882829	CT	+	-	IOH82145	catgatcatggtcaaatgttggatgattga-ctgaatgtcggccaagattccgggagttgg	p.S963*	2064	DEL	Frame_Shift_Del
ERBB2	17	37882828	37882829	CT	+	-	100062227	catgatcatggtcaaatgttggatgattga-ctgaatgtcggccaagattccgggagttgg	p.S963*	2064	DEL	Frame_Shift_Del
ERBB2	17	37863296	37863296	C	+	G	IOH82145	ctgcggctccctgccagtcccgagacccacGtggacatgctccgccacctctaccagggct	p.L43V	2064	SNV	Missense_Mutation
ERBB2	17	37863296	37863296	C	+	G	100062227	ctgcggctccctgccagtcccgagacccacGtggacatgctccgccacctctaccagggct	p.L43V	2064	SNV	Missense_Mutation
ERBB2	17	37883987	37883987	G	+	T	IOH82145	cagatgttcggccccagcccccttcgccccTagagggccctctgcctgctgcccgacctgc	p.R1153L	2064	SNV	Missense_Mutation
ERBB2	17	37883987	37883987	G	+	T	100062227	cagatgttcggccccagcccccttcgccccTagagggccctctgcctgctgcccgacctgc	p.R1153L	2064	SNV	Missense_Mutation
ERBB2	17	37879658	37879658	G	+	A	IOH82145	gggtggtctttgggatcctcatcaagcgacAgcagcagaagatccggaagtacacgatgcg	p.R678Q	2064	SNV	Missense_Mutation
ERBB2	17	37879658	37879658	G	+	A	100062227	gggtggtctttgggatcctcatcaagcgacAgcagcagaagatccggaagtacacgatgcg	p.R678Q	2064	SNV	Missense_Mutation
ERBB2	17	37879609	37879609	C	+	G	IOH82145	acgtccatcatctctgcggtggttggcattGtgctggtcgtggtcttgggggtggtctttg	p.L662V	2064	SNV	Missense_Mutation
ERBB2	17	37879609	37879609	C	+	G	100062227	acgtccatcatctctgcggtggttggcattGtgctggtcgtggtcttgggggtggtctttg	p.L662V	2064	SNV	Missense_Mutation
ERBB2	17	37879794	37879794	G	+	C	IOH82145	atgcggagactgctgcaggaaacggagctgCtggagccgctgacacctagcggagcgatgc	p.V697L	2064	SNV	Missense_Mutation
ERBB2	17	37879794	37879794	G	+	C	100062227	atgcggagactgctgcaggaaacggagctgCtggagccgctgacacctagcggagcgatgc	p.V697L	2064	SNV	Missense_Mutation
ERBB2	17	37881002	37881003	-	+	GGGCTCCCC	IOH82145	ttagacgaagcatacgtgatggctggtgtgGGGCTCCCCggctccccatatgtctcccgccttctgggc	p.G778_S779insLPG	2064	INS	In_Frame_Ins
ERBB2	17	37881002	37881003	-	+	GGGCTCCCC	100062227	ttagacgaagcatacgtgatggctggtgtgGGGCTCCCCggctccccatatgtctcccgccttctgggc	p.G778_S779insLPG	2064	INS	In_Frame_Ins
ERBB2	17	37881024	37881024	C	+	T	IOH82145	gctggtgtgggctccccatatgtctcccgcTttctgggcatctgcctgacatccacggtgc	p.L785F	2064	SNV	Missense_Mutation
ERBB2	17	37881024	37881024	C	+	T	100062227	gctggtgtgggctccccatatgtctcccgcTttctgggcatctgcctgacatccacggtgc	p.L785F	2064	SNV	Missense_Mutation
ERBB2	17	37884145	37884145	C	+	A	IOH82145	tacttgacaccccagggaggagctgcccctAagccccaccctcctcctgccttcagcccag	p.Q1206K	2064	SNV	Missense_Mutation
ERBB2	17	37884145	37884145	C	+	A	100062227	tacttgacaccccagggaggagctgcccctAagccccaccctcctcctgccttcagcccag	p.Q1206K	2064	SNV	Missense_Mutation
ERBB2	17	37884296	37884296	G	+	C	IOH82145	cagagtacctgggtctggacgtgccagtgtCa	p.*1256Sext*10	2064	SNV	Nonstop_Mutation
ERBB2	17	37884296	37884296	G	+	C	100062227	cagagtacctgggtctggacgtgccagtgtCa	p.*1256Sext*10	2064	SNV	Nonstop_Mutation
ERBB2	17	37879810	37879810	C	+	T	IOH82145	aggaaacggagctggtggagccgctgacacTtagcggagcgatgcccaaccaggcgcagat	p.P702L	2064	SNV	Missense_Mutation
ERBB2	17	37879810	37879810	C	+	T	100062227	aggaaacggagctggtggagccgctgacacTtagcggagcgatgcccaaccaggcgcagat	p.P702L	2064	SNV	Missense_Mutation
ERBB2	17	37866723	37866723	C	+	T	IOH82145	gccggtatacattcggcgccagctgtgtgaTtgcctgtccctacaactacctttctacgga	p.T297I	2064	SNV	Missense_Mutation
ERBB2	17	37866723	37866723	C	+	T	100062227	gccggtatacattcggcgccagctgtgtgaTtgcctgtccctacaactacctttctacgga	p.T297I	2064	SNV	Missense_Mutation
NA	NA	NA	NA	NA	NA	NA	NA	NA	NA	NA	NA	NA
ERBB2	17	37863278	37863278	G	+	A	IOH82145	accggcacagacatgaagctgcggctccctAccagtcccgagacccacctggacatgctcc	p.A37T	2064	SNV	Missense_Mutation
ERBB2	17	37863278	37863278	G	+	A	100062227	accggcacagacatgaagctgcggctccctAccagtcccgagacccacctggacatgctcc	p.A37T	2064	SNV	Missense_Mutation
ERBB2	17	37881145	37881145	G	+	A	IOH82145	gacgcctgggctcccaggacctgctgaactAgtgtatgcagattgccaaggggatgagcta	p.W825*	2064	SNV	Nonsense_Mutation
ERBB2	17	37881145	37881145	G	+	A	100062227	gacgcctgggctcccaggacctgctgaactAgtgtatgcagattgccaaggggatgagcta	p.W825*	2064	SNV	Nonsense_Mutation
ERBB2	17	37881307	37881307	G	+	A	IOH82145	gaactggtgtatgcagattgccaaggggatAagctacctggaggatgtgcggctcgtacac	p.M833I	2064	SNV	Missense_Mutation
ERBB2	17	37881307	37881307	G	+	A	100062227	gaactggtgtatgcagattgccaaggggatAagctacctggaggatgtgcggctcgtacac	p.M833I	2064	SNV	Missense_Mutation
ERBB2	17	37881588	37881588	C	+	G	IOH82145	gtaccatgcagatgggggcaaggtgcccatGaagtggatggcgctggagtccattctccgc	p.I886M	2064	SNV	Missense_Mutation
ERBB2	17	37881588	37881588	C	+	G	100062227	gtaccatgcagatgggggcaaggtgcccatGaagtggatggcgctggagtccattctccgc	p.I886M	2064	SNV	Missense_Mutation
ERBB2	17	37883676	37883869	GGGGCTGCAAAGCCTCCCCACACATGACCCCAGCCCTCTACAGCGGTACAGTGAGGACCCCACAGTACCCCTGCCCTCTGAGACTGATGGCTACGTTGCCCCCCTGACCTGCAGCCCCCAGCCTGGTATGGAGTCCAGTCTAAGCAGAGAGACTGATGGGCAGGGGAGGTGGGACCTTCAGCCCAGGGTCCACT	+	-	IOH82145	tgatggtgacctgggaatgggggcagccaa-gacctgctggtgccactctggaaaggccca	p.X1097_splice	2064	DEL	Splice_Site
ERBB2	17	37883676	37883869	GGGGCTGCAAAGCCTCCCCACACATGACCCCAGCCCTCTACAGCGGTACAGTGAGGACCCCACAGTACCCCTGCCCTCTGAGACTGATGGCTACGTTGCCCCCCTGACCTGCAGCCCCCAGCCTGGTATGGAGTCCAGTCTAAGCAGAGAGACTGATGGGCAGGGGAGGTGGGACCTTCAGCCCAGGGTCCACT	+	-	100062227	tgatggtgacctgggaatgggggcagccaa-gacctgctggtgccactctggaaaggccca	p.X1097_splice	2064	DEL	Splice_Site
ERBB2	17	37881648	37881648	G	+	C	IOH82145	ccggcggttcacccaccagagtgatgtgtgCagttatggtgtgactgtgtgggagctgatg	p.W906C	2064	SNV	Missense_Mutation
ERBB2	17	37881648	37881648	G	+	C	100062227	ccggcggttcacccaccagagtgatgtgtgCagttatggtgtgactgtgtgggagctgatg	p.W906C	2064	SNV	Missense_Mutation
ERBB2	17	37883542	37884140	CCCCAGAGTGGCGGTGGGGACCTGACACTAGGGCTGGAGCCCTCTGAAGAGGAGGCCCCCAGGTCTCCACTGGCACCCTCCGAAGGGGCTGGCTCCGATGTATTTGATGGTGACCTGGGAATGGGGGCAGCCAAGGGGCTGCAAAGCCTCCCCACACATGACCCCAGCCCTCTACAGCGGTACAGTGAGGACCCCACAGTACCCCTGCCCTCTGAGACTGATGGCTACGTTGCCCCCCTGACCTGCAGCCCCCAGCCTGGTATGGAGTCCAGTCTAAGCAGAGAGACTGATGGGCAGGGGAGGTGGGACCTTCAGCCCAGGGTCCACTGTGGGGGCAGAGGGAGTGGCAGAGACACCGGGGTTCCTTCCCCTAATGGGTCACCTTCTCTTGACCTTTCAGAATATGTGAACCAGCCAGATGTTCGGCCCCAGCCCCCTTCGCCCCGAGAGGGCCCTCTGCCTGCTGCCCGACCTGCTGGTGCCACTCTGGAAAGGCCCAAGACTCTCTCCCCAGGGAAGAATGGGGTCGTCAAAGACGTTTTTGCCTTTGGGGGTGCCGTGGAGAACCCCGAGTACTTGACACCCCAGGGAGGAGCTGC	+	-	IOH82145	ggcccagccagtcccttggacagcaccttc-ccctcagccccaccctcctcctgccttcag	p.X1054_splice	2064	DEL	Splice_Site
ERBB2	17	37883542	37884140	CCCCAGAGTGGCGGTGGGGACCTGACACTAGGGCTGGAGCCCTCTGAAGAGGAGGCCCCCAGGTCTCCACTGGCACCCTCCGAAGGGGCTGGCTCCGATGTATTTGATGGTGACCTGGGAATGGGGGCAGCCAAGGGGCTGCAAAGCCTCCCCACACATGACCCCAGCCCTCTACAGCGGTACAGTGAGGACCCCACAGTACCCCTGCCCTCTGAGACTGATGGCTACGTTGCCCCCCTGACCTGCAGCCCCCAGCCTGGTATGGAGTCCAGTCTAAGCAGAGAGACTGATGGGCAGGGGAGGTGGGACCTTCAGCCCAGGGTCCACTGTGGGGGCAGAGGGAGTGGCAGAGACACCGGGGTTCCTTCCCCTAATGGGTCACCTTCTCTTGACCTTTCAGAATATGTGAACCAGCCAGATGTTCGGCCCCAGCCCCCTTCGCCCCGAGAGGGCCCTCTGCCTGCTGCCCGACCTGCTGGTGCCACTCTGGAAAGGCCCAAGACTCTCTCCCCAGGGAAGAATGGGGTCGTCAAAGACGTTTTTGCCTTTGGGGGTGCCGTGGAGAACCCCGAGTACTTGACACCCCAGGGAGGAGCTGC	+	-	100062227	ggcccagccagtcccttggacagcaccttc-ccctcagccccaccctcctcctgccttcag	p.X1054_splice	2064	DEL	Splice_Site
ERBB2	17	37884120	37884120	G	+	T	IOH82145	tgggggtgccgtggagaaccccgagtacttTacaccccagggaggagctgcccctcagccc	p.L1197F	2064	SNV	Missense_Mutation
ERBB2	17	37884120	37884120	G	+	T	100062227	tgggggtgccgtggagaaccccgagtacttTacaccccagggaggagctgcccctcagccc	p.L1197F	2064	SNV	Missense_Mutation
ERBB2	17	37883551	37883551	G	+	T	IOH82145	cacaggcaccgcagctcatctaccaggagtTgcggtggggacctgacactagggctggagc	p.G1055C	2064	SNV	Missense_Mutation
ERBB2	17	37883551	37883551	G	+	T	100062227	cacaggcaccgcagctcatctaccaggagtTgcggtggggacctgacactagggctggagc	p.G1055C	2064	SNV	Missense_Mutation
ERBB2	17	37871746	37871746	G	+	A	IOH82145	gcatggccggacagcctgcctgacctcagcAtcttccagaacctgcaagtaatccggggac	p.V424I	2064	SNV	Missense_Mutation
ERBB2	17	37871746	37871746	G	+	A	100062227	gcatggccggacagcctgcctgacctcagcAtcttccagaacctgcaagtaatccggggac	p.V424I	2064	SNV	Missense_Mutation
ERBB2	17	37880188	37880188	G	+	T	IOH82145	ctacaagggcatctggatccctgatggggaTaatgtgaaaattccagtggccatcaaagtg	p.E744D	2064	SNV	Missense_Mutation
ERBB2	17	37880188	37880188	G	+	T	100062227	ctacaagggcatctggatccctgatggggaTaatgtgaaaattccagtggccatcaaagtg	p.E744D	2064	SNV	Missense_Mutation
ERBB2	17	37881440	37881440	C	+	T	IOH82145	cggctgctggacattgacgagacagagtacTatgcagatgggggcaaggtgcccatcaagt	p.H878Y	2064	SNV	Missense_Mutation
ERBB2	17	37881440	37881440	C	+	T	100062227	cggctgctggacattgacgagacagagtacTatgcagatgggggcaaggtgcccatcaagt	p.H878Y	2064	SNV	Missense_Mutation
ERBB2	17	37876053	37876053	G	+	C	IOH82145	atcaactgcacccactcctgtgtggacctgCatgacaagggctgccccgccgagcagagag	p.D638H	2064	SNV	Missense_Mutation
ERBB2	17	37876053	37876053	G	+	C	100062227	atcaactgcacccactcctgtgtggacctgCatgacaagggctgccccgccgagcagagag	p.D638H	2064	SNV	Missense_Mutation
ERBB2	17	37868193	37868193	C	+	G	IOH82145	gtgtgactgcctgtccctacaactacctttGtacggacgtgggatcctgcaccctcgtctg	p.S305C	2064	SNV	Missense_Mutation
ERBB2	17	37868193	37868193	C	+	G	100062227	gtgtgactgcctgtccctacaactacctttGtacggacgtgggatcctgcaccctcgtctg	p.S305C	2064	SNV	Missense_Mutation
ERBB2	17	37872142	37872142	A	+	G	IOH82145	acacggtgccctgggaccagctctttcggaGcccgcaccaagctctgctccacactgccaa	p.N488S	2064	SNV	Missense_Mutation
ERBB2	17	37872142	37872142	A	+	G	100062227	acacggtgccctgggaccagctctttcggaGcccgcaccaagctctgctccacactgccaa	p.N488S	2064	SNV	Missense_Mutation
ERBB2	17	37882865	37882865	G	+	C	IOH82145	tgtcggccaagattccgggagttggtgtctCaattctcccgcatggccagggacccccagc	p.E975Q	2064	SNV	Missense_Mutation
ERBB2	17	37882865	37882865	G	+	C	100062227	tgtcggccaagattccgggagttggtgtctCaattctcccgcatggccagggacccccagc	p.E975Q	2064	SNV	Missense_Mutation
ERBB2	17	37881010	37881011	-	+	GGGCTCCCC	IOH82145	agcatacgtgatggctggtgtgggctccccGGGCTCCCCatatgtctcccgccttctgggcatctgcct	p.G778_P780dup	2064	INS	In_Frame_Ins
ERBB2	17	37881010	37881011	-	+	GGGCTCCCC	100062227	agcatacgtgatggctggtgtgggctccccGGGCTCCCCatatgtctcccgccttctgggcatctgcct	p.G778_P780dup	2064	INS	In_Frame_Ins
ERBB2	17	37880261	37880261	G	+	A	IOH82145	acatcccccaaagccaacaaagaaatcttaAacgaagcatacgtgatggctggtgtgggct	p.D769N	2064	SNV	Missense_Mutation
ERBB2	17	37880261	37880261	G	+	A	100062227	acatcccccaaagccaacaaagaaatcttaAacgaagcatacgtgatggctggtgtgggct	p.D769N	2064	SNV	Missense_Mutation
ERBB2	17	37882870	37882870	C	+	G	IOH82145	gccaagattccgggagttggtgtctgaattGtcccgcatggccagggacccccagcgcttt	p.F976L	2064	SNV	Missense_Mutation
ERBB2	17	37882870	37882870	C	+	G	100062227	gccaagattccgggagttggtgtctgaattGtcccgcatggccagggacccccagcgcttt	p.F976L	2064	SNV	Missense_Mutation
ERBB2	17	37879903	37879903	C	+	T	IOH82145	tgaaggtgcttggatctggcgcttttggcaTagtctacaagggcatctggatccctgatgg	p.T733I	2064	SNV	Missense_Mutation
ERBB2	17	37879903	37879903	C	+	T	100062227	tgaaggtgcttggatctggcgcttttggcaTagtctacaagggcatctggatccctgatgg	p.T733I	2064	SNV	Missense_Mutation
ERBB2	17	37872045	37872045	C	+	T	IOH82145	caagggctgggcatcagctggctggggctgTgctcactgagggaactgggcagtggactgg	p.R456C	2064	SNV	Missense_Mutation
ERBB2	17	37872045	37872045	C	+	T	100062227	caagggctgggcatcagctggctggggctgTgctcactgagggaactgggcagtggactgg	p.R456C	2064	SNV	Missense_Mutation
ERBB2	17	37881312	37881312	A	+	T	IOH82145	ggtgtatgcagattgccaaggggatgagctTcctggaggatgtgcggctcgtacacaggga	p.Y835F	2064	SNV	Missense_Mutation
ERBB2	17	37881312	37881312	A	+	T	100062227	ggtgtatgcagattgccaaggggatgagctTcctggaggatgtgcggctcgtacacaggga	p.Y835F	2064	SNV	Missense_Mutation
ERBB2	17	37880219	37880219	T	+	A	IOH82145	aatgtgaaaattccagtggccatcaaagtgAtgagggaaaacacatcccccaaagccaaca	p.L755M	2064	SNV	Missense_Mutation
ERBB2	17	37880219	37880219	T	+	A	100062227	aatgtgaaaattccagtggccatcaaagtgAtgagggaaaacacatcccccaaagccaaca	p.L755M	2064	SNV	Missense_Mutation
ERBB2	17	37880220	37880220	T	+	G	IOH82145	atgtgaaaattccagtggccatcaaagtgtGgagggaaaacacatcccccaaagccaacaa	p.L755W	2064	SNV	Missense_Mutation
ERBB2	17	37880220	37880220	T	+	G	100062227	atgtgaaaattccagtggccatcaaagtgtGgagggaaaacacatcccccaaagccaacaa	p.L755W	2064	SNV	Missense_Mutation
ERBB2	17	37868205	37868205	G	+	C	IOH82145	gtccctacaactacctttctacggacgtggCatcctgcaccctcgtctgccccctgcacaa	p.G309A	2064	SNV	Missense_Mutation
ERBB2	17	37868205	37868205	G	+	C	100062227	gtccctacaactacctttctacggacgtggCatcctgcaccctcgtctgccccctgcacaa	p.G309A	2064	SNV	Missense_Mutation
ERBB2	17	37868196	37868196	C	+	T	IOH82145	tgactgcctgtccctacaactacctttctaTggacgtgggatcctgcaccctcgtctgccc	p.T306M	2064	SNV	Missense_Mutation
ERBB2	17	37868196	37868196	C	+	T	100062227	tgactgcctgtccctacaactacctttctaTggacgtgggatcctgcaccctcgtctgccc	p.T306M	2064	SNV	Missense_Mutation
ERBB2	17	37881061	37881061	T	+	C	IOH82145	gcatctgcctgacatccacggtgcagctggCgacacagcttatgccctatggctgcctctt	p.V797A	2064	SNV	Missense_Mutation
ERBB2	17	37881061	37881061	T	+	C	100062227	gcatctgcctgacatccacggtgcagctggCgacacagcttatgccctatggctgcctctt	p.V797A	2064	SNV	Missense_Mutation
ERBB2	17	37884008	37884008	C	+	T	IOH82145	cttcgccccgagagggccctctgcctgctgTccgacctgctggtgccactctggaaaggcc	p.A1160V	2064	SNV	Missense_Mutation
ERBB2	17	37884008	37884008	C	+	T	100062227	cttcgccccgagagggccctctgcctgctgTccgacctgctggtgccactctggaaaggcc	p.A1160V	2064	SNV	Missense_Mutation
ERBB2	17	37871757	37871757	C	+	A	IOH82145	cagcctgcctgacctcagcgtcttccagaaActgcaagtaatccggggacgaattctgcac	p.N427K	2064	SNV	Missense_Mutation
ERBB2	17	37871757	37871757	C	+	A	100062227	cagcctgcctgacctcagcgtcttccagaaActgcaagtaatccggggacgaattctgcac	p.N427K	2064	SNV	Missense_Mutation
ERBB2	17	37868297	37868297	C	+	G	IOH82145	cggtgtgagaagtgcagcaagccctgtgccGgagtgtgctatggtctgggcatggagcact	p.R340G	2064	SNV	Missense_Mutation
ERBB2	17	37868297	37868297	C	+	G	100062227	cggtgtgagaagtgcagcaagccctgtgccGgagtgtgctatggtctgggcatggagcact	p.R340G	2064	SNV	Missense_Mutation
ERBB2	17	37880261	37880261	G	+	C	IOH82145	acatcccccaaagccaacaaagaaatcttaCacgaagcatacgtgatggctggtgtgggct	p.D769H	2064	SNV	Missense_Mutation
ERBB2	17	37880261	37880261	G	+	C	100062227	acatcccccaaagccaacaaagaaatcttaCacgaagcatacgtgatggctggtgtgggct	p.D769H	2064	SNV	Missense_Mutation
ERBB2	17	37883766	37883774	CTACGTTGC	+	-	IOH82145	cacagtacccctgccctctgagactgatgg-ccccctgacctgcagcccccagcctgaata	p.Y1127_A1129del	2064	DEL	In_Frame_Del
ERBB2	17	37883766	37883774	CTACGTTGC	+	-	100062227	cacagtacccctgccctctgagactgatgg-ccccctgacctgcagcccccagcctgaata	p.Y1127_A1129del	2064	DEL	In_Frame_Del
ERBB2	17	37873695	37873695	G	+	-	IOH82145	catgcccatctggaagtttccagatgagga-ggcgcatgccagccttgccccatcaactgc	p.G621Afs*31	2064	DEL	Frame_Shift_Del
ERBB2	17	37873695	37873695	G	+	-	100062227	catgcccatctggaagtttccagatgagga-ggcgcatgccagccttgccccatcaactgc	p.G621Afs*31	2064	DEL	Frame_Shift_Del
ERBB2	17	37872089	37872089	T	+	G	IOH82145	actgggcagtggactggccctcatccaccaGaacacccacctctgcttcgtgcacacggtg	p.H470Q	2064	SNV	Missense_Mutation
ERBB2	17	37872089	37872089	T	+	G	100062227	actgggcagtggactggccctcatccaccaGaacacccacctctgcttcgtgcacacggtg	p.H470Q	2064	SNV	Missense_Mutation
ERBB2	17	37871605	37871605	G	+	C	IOH82145	gcagctccaagtgtttgagactctggaagaCatcacaggttacctatacatctcagcatgg	p.E405D	2064	SNV	Missense_Mutation
ERBB2	17	37871605	37871605	G	+	C	100062227	gcagctccaagtgtttgagactctggaagaCatcacaggttacctatacatctcagcatgg	p.E405D	2064	SNV	Missense_Mutation
ERBB2	17	37868614	37868614	G	+	-	IOH82145	gtctgggcatggagcacttgcgagaggtga-ggcagttaccagtgccaatatccaggagtt	p.A355Qfs*76	2064	DEL	Frame_Shift_Del
ERBB2	17	37868614	37868614	G	+	-	100062227	gtctgggcatggagcacttgcgagaggtga-ggcagttaccagtgccaatatccaggagtt	p.A355Qfs*76	2064	DEL	Frame_Shift_Del
ERBB2	17	37872120	37872120	C	+	-	IOH82145	aacacccacctctgcttcgtgcacacggtg-cctgggaccagctctttcggaacccgcacc	p.W482Gfs*74	2064	DEL	Frame_Shift_Del
ERBB2	17	37872120	37872120	C	+	-	100062227	aacacccacctctgcttcgtgcacacggtg-cctgggaccagctctttcggaacccgcacc	p.W482Gfs*74	2064	DEL	Frame_Shift_Del
ERBB2	17	37882050	37882050	A	+	G	IOH82145	gggagatccctgacctgctggaaaagggggGgcggctgccccagccccccatctgcaccat	p.E939G	2064	SNV	Missense_Mutation
ERBB2	17	37882050	37882050	A	+	G	100062227	gggagatccctgacctgctggaaaagggggGgcggctgccccagccccccatctgcaccat	p.E939G	2064	SNV	Missense_Mutation
