NCBI_Build	Chromosome	Start_Position	End_Position	Strand	Reference_Allele	Tumor_Seq_Allele1	Tumor_Seq_Allele2	Hugo_Symbol	Entrez_Gene_ID	Transcript_Strand	Amino_Acid_Change	Variant_Type	Variant_Classification	Project	Contact	Date	Prioritization_Score
37	17	37868208	37868208	+	C	T	C	ERBB2	2064	+	p.S310F	SNV	Missense_Mutation	HER2	Samuel	20201029	UltraHigh
37	17	37884131	37884131	+	G	T	G	ERBB2	2064	+	p.G1201V	SNV	Missense_Mutation	HER2	Samuel	20201029	UltraHigh
37	17	37881000	37881000	+	G	T	G	ERBB2	2064	+	p.V777L	SNV	Missense_Mutation	HER2	Samuel	20201029	UltraHigh
37	17	37879885	37879885	+	G	C	G	ERBB2	2064	+	p.G727A	SNV	Missense_Mutation	HER2	Samuel	20201029	UltraHigh
37	17	37882031	37882031	+	G	T	G	ERBB2	2064	+	p.D933Y	SNV	Missense_Mutation	HER2	Samuel	20201029	UltraHigh
37	17	37881332	37881332	+	G	A	G	ERBB2	2064	+	p.V842I	SNV	Missense_Mutation	HER2	Samuel	20201029	UltraHigh
37	17	37872115	37872115	+	C	T	C	ERBB2	2064	+	p.T479M	SNV	Missense_Mutation	HER2	Samuel	20201029	UltraHigh
37	17	37880982	37880983	+	-	GCATACGTGATG	-	ERBB2	2064	+	p.E770_A771insGIRD	INS	In_Frame_Ins	HER2	Samuel	20201029	UltraHigh
37	17	37882019	37882019	+	C	T	C	ERBB2	2064	+	p.R929W	SNV	Missense_Mutation	HER2	Samuel	20201029	UltraHigh
37	17	37880261	37880261	+	G	T	G	ERBB2	2064	+	p.D769Y	SNV	Missense_Mutation	HER2	Samuel	20201029	UltraHigh
37	17	37880220	37880220	+	T	C	T	ERBB2	2064	+	p.L755S	SNV	Missense_Mutation	HER2	Samuel	20201029	UltraHigh
37	17	37864761	37864761	+	G	-	G	ERBB2	2064	+	p.E139Sfs*11	DEL	Frame_Shift_Del	HER2	Samuel	20201029	UltraHigh
37	17	37873661	37873661	+	C	G	C	ERBB2	2064	+	p.S609C	SNV	Missense_Mutation	HER2	Samuel	20201029	UltraHigh
37	17	37880218	37880232	+	GTTGAGGGAAAACAC	-	GTTGAGGGAAAACAC	ERBB2	2064	+	p.L755_T759del	DEL	In_Frame_Del	HER2	Samuel	20201029	UltraHigh
37	17	37864713	37864713	+	C	T	C	ERBB2	2064	+	p.P122L	SNV	Missense_Mutation	HER2	Samuel	20201029	UltraHigh
37	17	37883212	37883212	+	G	A	G	ERBB2	2064	+	p.A1039T	SNV	Missense_Mutation	HER2	Samuel	20201029	UltraHigh
37	17	37863360	37863360	+	A	T	A	ERBB2	2064	+	p.Y64F	SNV	Missense_Mutation	HER2	Samuel	20201029	UltraHigh
37	17	37872607	37872607	+	C	T	C	ERBB2	2064	+	p.P523S	SNV	Missense_Mutation	HER2	Samuel	20201029	UltraHigh
37	17	37866696	37866696	+	G	A	G	ERBB2	2064	+	p.R288Q	SNV	Missense_Mutation	HER2	Samuel	20201029	UltraHigh
37	17	37866099	37866099	+	G	C	G	ERBB2	2064	+	p.R203P	SNV	Missense_Mutation	HER2	Samuel	20201029	UltraHigh
37	17	37881426	37881426	+	A	G	A	ERBB2	2064	+	p.D873G	SNV	Missense_Mutation	HER2	Samuel	20201029	UltraHigh
37	17	37863308	37863308	+	C	T	C	ERBB2	2064	+	p.R47C	SNV	Missense_Mutation	HER2	Samuel	20201029	UltraHigh
37	17	37881095	37881095	+	C	A	C	ERBB2	2064	+	p.D808E	SNV	Missense_Mutation	HER2	Samuel	20201029	UltraHigh
37	17	37871614	37871614	+	T	C	T	ERBB2	2064	+	p.X408_splice	SNV	Splice_Site	HER2	Samuel	20201029	UltraHigh
37	17	37866389	37866389	+	C	T	C	ERBB2	2064	+	p.P232S	SNV	Missense_Mutation	HER2	Samuel	20201029	UltraHigh
37	17	37881392	37881392	+	A	G	A	ERBB2	2064	+	p.T862A	SNV	Missense_Mutation	HER2	Samuel	20201029	UltraHigh
37	17	37872857	37872857	+	C	T	C	ERBB2	2064	+	p.P579L	SNV	Missense_Mutation	HER2	Samuel	20201029	UltraHigh
37	17	37881000	37881000	+	G	C	G	ERBB2	2064	+	p.V777L	SNV	Missense_Mutation	HER2	Samuel	20201029	UltraHigh
37	17	37871722	37871722	+	C	A	C	ERBB2	2064	+	p.P416T	SNV	Missense_Mutation	HER2	Samuel	20201029	UltraHigh
37	17	37866662	37866662	+	G	C	G	ERBB2	2064	+	p.D277H	SNV	Missense_Mutation	HER2	Samuel	20201029	UltraHigh
37	17	37876058	37876058	+	C	G	C	ERBB2	2064	+	p.D639E	SNV	Missense_Mutation	HER2	Samuel	20201029	UltraHigh
37	17	37883770	37883770	+	G	A	G	ERBB2	2064	+	p.V1128I	SNV	Missense_Mutation	HER2	Samuel	20201029	UltraHigh
37	17	37863269	37863269	+	C	T	C	ERBB2	2064	+	p.R34W	SNV	Missense_Mutation	HER2	Samuel	20201029	UltraHigh
37	17	37873661	37873661	+	C	T	C	ERBB2	2064	+	p.S609F	SNV	Missense_Mutation	HER2	Samuel	20201029	UltraHigh
37	17	37881414	37881414	+	T	G	T	ERBB2	2064	+	p.L869R	SNV	Missense_Mutation	HER2	Samuel	20201029	UltraHigh
37	17	37880257	37880257	+	C	G	C	ERBB2	2064	+	p.I767M	SNV	Missense_Mutation	HER2	Samuel	20201029	UltraHigh
37	17	37880219	37880233	+	TTGAGGGAAAACACA	-	TTGAGGGAAAACACA	ERBB2	2064	+	p.L755_T759del	DEL	In_Frame_Del	HER2	Samuel	20201029	UltraHigh
37	17	37871779	37871779	+	A	C	A	ERBB2	2064	+	p.I435L	SNV	Missense_Mutation	HER2	Samuel	20201029	UltraHigh
37	17	37881003	37881004	+	-	GGCTCCCCA	-	ERBB2	2064	+	p.G778_S779insLPS	INS	In_Frame_Ins	HER2	Samuel	20201029	UltraHigh
37	17	37881619	37881619	+	C	G	C	ERBB2	2064	+	p.R897G	SNV	Missense_Mutation	HER2	Samuel	20201029	UltraHigh
37	17	37881002	37881003	+	-	GGCTCCCCA	-	ERBB2	2064	+	p.G778_P780dup	INS	In_Frame_Ins	HER2	Samuel	20201029	UltraHigh
37	17	37879854	37879854	+	G	A	G	ERBB2	2064	+	p.E717K	SNV	Missense_Mutation	HER2	Samuel	20201029	UltraHigh
37	17	37880981	37880982	+	-	GCATACGTGATG	-	ERBB2	2064	+	p.Y772_A775dup	INS	In_Frame_Ins	HER2	Samuel	20201029	UltraHigh
37	17	37865700	37865700	+	G	A	G	ERBB2	2064	+	p.R190Q	SNV	Missense_Mutation	HER2	Samuel	20201029	UltraHigh
37	17	37868216	37868216	+	C	G	C	ERBB2	2064	+	p.L313V	SNV	Missense_Mutation	HER2	Samuel	20201029	UltraHigh
37	17	37881597	37881597	+	G	A	G	ERBB2	2064	+	p.M889I	SNV	Missense_Mutation	HER2	Samuel	20201029	UltraHigh
37	17	37868208	37868208	+	C	A	C	ERBB2	2064	+	p.S310Y	SNV	Missense_Mutation	HER2	Samuel	20201029	UltraHigh
37	17	37881392	37881392	+	A	T	A	ERBB2	2064	+	p.T862S	SNV	Missense_Mutation	HER2	Samuel	20201029	UltraHigh
37	17	37880987	37880988	+	-	CGTGATGGCGAG	-	ERBB2	2064	+	p.Y772_V773insRDGE	INS	In_Frame_Ins	HER2	Samuel	20201029	UltraHigh
37	17	37882828	37882829	+	CT	-	CT	ERBB2	2064	+	p.S963*	DEL	Frame_Shift_Del	HER2	Samuel	20201029	UltraHigh
37	17	37863296	37863296	+	C	G	C	ERBB2	2064	+	p.L43V	SNV	Missense_Mutation	HER2	Samuel	20201029	UltraHigh
37	17	37883987	37883987	+	G	T	G	ERBB2	2064	+	p.R1153L	SNV	Missense_Mutation	HER2	Samuel	20201029	UltraHigh
37	17	37879658	37879658	+	G	A	G	ERBB2	2064	+	p.R678Q	SNV	Missense_Mutation	HER2	Samuel	20201029	UltraHigh
37	17	37879609	37879609	+	C	G	C	ERBB2	2064	+	p.L662V	SNV	Missense_Mutation	HER2	Samuel	20201029	UltraHigh
37	17	37879794	37879794	+	G	C	G	ERBB2	2064	+	p.V697L	SNV	Missense_Mutation	HER2	Samuel	20201029	UltraHigh
37	17	37881002	37881003	+	-	GGGCTCCCC	-	ERBB2	2064	+	p.G778_S779insLPG	INS	In_Frame_Ins	HER2	Samuel	20201029	UltraHigh
37	17	37881024	37881024	+	C	T	C	ERBB2	2064	+	p.L785F	SNV	Missense_Mutation	HER2	Samuel	20201029	UltraHigh
37	17	37884145	37884145	+	C	A	C	ERBB2	2064	+	p.Q1206K	SNV	Missense_Mutation	HER2	Samuel	20201029	UltraHigh
37	17	37884296	37884296	+	G	C	G	ERBB2	2064	+	p.*1256Sext*10	SNV	Nonstop_Mutation	HER2	Samuel	20201029	UltraHigh
37	17	37879810	37879810	+	C	T	C	ERBB2	2064	+	p.P702L	SNV	Missense_Mutation	HER2	Samuel	20201029	UltraHigh
37	17	37866723	37866723	+	C	T	C	ERBB2	2064	+	p.T297I	SNV	Missense_Mutation	HER2	Samuel	20201029	UltraHigh
37	17	37880219	37880235	+	TTGAGGGAAAACACATC	GCCCAAAGCCAACAAAG	TTGAGGGAAAACACATC	ERBB2	2064	+	p.L755_T759delinsAQSQQ	ONP	Missense_Mutation	HER2	Samuel	20201029	UltraHigh
37	17	37863278	37863278	+	G	A	G	ERBB2	2064	+	p.A37T	SNV	Missense_Mutation	HER2	Samuel	20201029	UltraHigh
37	17	37881145	37881145	+	G	A	G	ERBB2	2064	+	p.W825*	SNV	Nonsense_Mutation	HER2	Samuel	20201029	UltraHigh
37	17	37881307	37881307	+	G	A	G	ERBB2	2064	+	p.M833I	SNV	Missense_Mutation	HER2	Samuel	20201029	UltraHigh
37	17	37881588	37881588	+	C	G	C	ERBB2	2064	+	p.I886M	SNV	Missense_Mutation	HER2	Samuel	20201029	UltraHigh
37	17	37883676	37883869	+	GGGGCTGCAAAGCCTCCCCACACATGACCCCAGCCCTCTACAGCGGTACAGTGAGGACCCCACAGTACCCCTGCCCTCTGAGACTGATGGCTACGTTGCCCCCCTGACCTGCAGCCCCCAGCCTGGTATGGAGTCCAGTCTAAGCAGAGAGACTGATGGGCAGGGGAGGTGGGACCTTCAGCCCAGGGTCCACT	-	GGGGCTGCAAAGCCTCCCCACACATGACCCCAGCCCTCTACAGCGGTACAGTGAGGACCCCACAGTACCCCTGCCCTCTGAGACTGATGGCTACGTTGCCCCCCTGACCTGCAGCCCCCAGCCTGGTATGGAGTCCAGTCTAAGCAGAGAGACTGATGGGCAGGGGAGGTGGGACCTTCAGCCCAGGGTCCACT	ERBB2	2064	+	p.X1097_splice	DEL	Splice_Site	HER2	Samuel	20201029	UltraHigh
37	17	37881648	37881648	+	G	C	G	ERBB2	2064	+	p.W906C	SNV	Missense_Mutation	HER2	Samuel	20201029	UltraHigh
37	17	37883542	37884140	+	CCCCAGAGTGGCGGTGGGGACCTGACACTAGGGCTGGAGCCCTCTGAAGAGGAGGCCCCCAGGTCTCCACTGGCACCCTCCGAAGGGGCTGGCTCCGATGTATTTGATGGTGACCTGGGAATGGGGGCAGCCAAGGGGCTGCAAAGCCTCCCCACACATGACCCCAGCCCTCTACAGCGGTACAGTGAGGACCCCACAGTACCCCTGCCCTCTGAGACTGATGGCTACGTTGCCCCCCTGACCTGCAGCCCCCAGCCTGGTATGGAGTCCAGTCTAAGCAGAGAGACTGATGGGCAGGGGAGGTGGGACCTTCAGCCCAGGGTCCACTGTGGGGGCAGAGGGAGTGGCAGAGACACCGGGGTTCCTTCCCCTAATGGGTCACCTTCTCTTGACCTTTCAGAATATGTGAACCAGCCAGATGTTCGGCCCCAGCCCCCTTCGCCCCGAGAGGGCCCTCTGCCTGCTGCCCGACCTGCTGGTGCCACTCTGGAAAGGCCCAAGACTCTCTCCCCAGGGAAGAATGGGGTCGTCAAAGACGTTTTTGCCTTTGGGGGTGCCGTGGAGAACCCCGAGTACTTGACACCCCAGGGAGGAGCTGC	-	CCCCAGAGTGGCGGTGGGGACCTGACACTAGGGCTGGAGCCCTCTGAAGAGGAGGCCCCCAGGTCTCCACTGGCACCCTCCGAAGGGGCTGGCTCCGATGTATTTGATGGTGACCTGGGAATGGGGGCAGCCAAGGGGCTGCAAAGCCTCCCCACACATGACCCCAGCCCTCTACAGCGGTACAGTGAGGACCCCACAGTACCCCTGCCCTCTGAGACTGATGGCTACGTTGCCCCCCTGACCTGCAGCCCCCAGCCTGGTATGGAGTCCAGTCTAAGCAGAGAGACTGATGGGCAGGGGAGGTGGGACCTTCAGCCCAGGGTCCACTGTGGGGGCAGAGGGAGTGGCAGAGACACCGGGGTTCCTTCCCCTAATGGGTCACCTTCTCTTGACCTTTCAGAATATGTGAACCAGCCAGATGTTCGGCCCCAGCCCCCTTCGCCCCGAGAGGGCCCTCTGCCTGCTGCCCGACCTGCTGGTGCCACTCTGGAAAGGCCCAAGACTCTCTCCCCAGGGAAGAATGGGGTCGTCAAAGACGTTTTTGCCTTTGGGGGTGCCGTGGAGAACCCCGAGTACTTGACACCCCAGGGAGGAGCTGC	ERBB2	2064	+	p.X1054_splice	DEL	Splice_Site	HER2	Samuel	20201029	UltraHigh
37	17	37884120	37884120	+	G	T	G	ERBB2	2064	+	p.L1197F	SNV	Missense_Mutation	HER2	Samuel	20201029	UltraHigh
37	17	37883551	37883551	+	G	T	G	ERBB2	2064	+	p.G1055C	SNV	Missense_Mutation	HER2	Samuel	20201029	UltraHigh
37	17	37871746	37871746	+	G	A	G	ERBB2	2064	+	p.V424I	SNV	Missense_Mutation	HER2	Samuel	20201029	UltraHigh
37	17	37880188	37880188	+	G	T	G	ERBB2	2064	+	p.E744D	SNV	Missense_Mutation	HER2	Samuel	20201029	UltraHigh
37	17	37881440	37881440	+	C	T	C	ERBB2	2064	+	p.H878Y	SNV	Missense_Mutation	HER2	Samuel	20201029	UltraHigh
37	17	37876053	37876053	+	G	C	G	ERBB2	2064	+	p.D638H	SNV	Missense_Mutation	HER2	Samuel	20201029	UltraHigh
37	17	37868193	37868193	+	C	G	C	ERBB2	2064	+	p.S305C	SNV	Missense_Mutation	HER2	Samuel	20201029	UltraHigh
37	17	37872142	37872142	+	A	G	A	ERBB2	2064	+	p.N488S	SNV	Missense_Mutation	HER2	Samuel	20201029	UltraHigh
37	17	37882865	37882865	+	G	C	G	ERBB2	2064	+	p.E975Q	SNV	Missense_Mutation	HER2	Samuel	20201029	UltraHigh
37	17	37881010	37881011	+	-	GGGCTCCCC	-	ERBB2	2064	+	p.G778_P780dup	INS	In_Frame_Ins	HER2	Samuel	20201029	UltraHigh
37	17	37880261	37880261	+	G	A	G	ERBB2	2064	+	p.D769N	SNV	Missense_Mutation	HER2	Samuel	20201029	UltraHigh
37	17	37882870	37882870	+	C	G	C	ERBB2	2064	+	p.F976L	SNV	Missense_Mutation	HER2	Samuel	20201029	UltraHigh
37	17	37879903	37879903	+	C	T	C	ERBB2	2064	+	p.T733I	SNV	Missense_Mutation	HER2	Samuel	20201029	UltraHigh
37	17	37872045	37872045	+	C	T	C	ERBB2	2064	+	p.R456C	SNV	Missense_Mutation	HER2	Samuel	20201029	UltraHigh
37	17	37881312	37881312	+	A	T	A	ERBB2	2064	+	p.Y835F	SNV	Missense_Mutation	HER2	Samuel	20201029	UltraHigh
37	17	37880219	37880219	+	T	A	T	ERBB2	2064	+	p.L755M	SNV	Missense_Mutation	HER2	Samuel	20201029	UltraHigh
37	17	37880220	37880220	+	T	G	T	ERBB2	2064	+	p.L755W	SNV	Missense_Mutation	HER2	Samuel	20201029	UltraHigh
37	17	37868205	37868205	+	G	C	G	ERBB2	2064	+	p.G309A	SNV	Missense_Mutation	HER2	Samuel	20201029	UltraHigh
37	17	37868196	37868196	+	C	T	C	ERBB2	2064	+	p.T306M	SNV	Missense_Mutation	HER2	Samuel	20201029	UltraHigh
37	17	37881061	37881061	+	T	C	T	ERBB2	2064	+	p.V797A	SNV	Missense_Mutation	HER2	Samuel	20201029	UltraHigh
37	17	37884008	37884008	+	C	T	C	ERBB2	2064	+	p.A1160V	SNV	Missense_Mutation	HER2	Samuel	20201029	UltraHigh
37	17	37871757	37871757	+	C	A	C	ERBB2	2064	+	p.N427K	SNV	Missense_Mutation	HER2	Samuel	20201029	UltraHigh
37	17	37868297	37868297	+	C	G	C	ERBB2	2064	+	p.R340G	SNV	Missense_Mutation	HER2	Samuel	20201029	UltraHigh
37	17	37880261	37880261	+	G	C	G	ERBB2	2064	+	p.D769H	SNV	Missense_Mutation	HER2	Samuel	20201029	UltraHigh
37	17	37883766	37883774	+	CTACGTTGC	-	CTACGTTGC	ERBB2	2064	+	p.Y1127_A1129del	DEL	In_Frame_Del	HER2	Samuel	20201029	UltraHigh
37	17	37873695	37873695	+	G	-	G	ERBB2	2064	+	p.G621Afs*31	DEL	Frame_Shift_Del	HER2	Samuel	20201029	UltraHigh
37	17	37872089	37872089	+	T	G	T	ERBB2	2064	+	p.H470Q	SNV	Missense_Mutation	HER2	Samuel	20201029	UltraHigh
37	17	37871605	37871605	+	G	C	G	ERBB2	2064	+	p.E405D	SNV	Missense_Mutation	HER2	Samuel	20201029	UltraHigh
37	17	37868614	37868614	+	G	-	G	ERBB2	2064	+	p.A355Qfs*76	DEL	Frame_Shift_Del	HER2	Samuel	20201029	UltraHigh
37	17	37872120	37872120	+	C	-	C	ERBB2	2064	+	p.W482Gfs*74	DEL	Frame_Shift_Del	HER2	Samuel	20201029	UltraHigh
37	17	37882050	37882050	+	A	G	A	ERBB2	2064	+	p.E939G	SNV	Missense_Mutation	HER2	Samuel	20201029	UltraHigh
